PCT Code,PCT Name,Type 1 10/11 prev,Type 2 10/11 prev,All 10/11 prev,hba1c,bmi,bp,albumin,creatinine,cholesterol,eyeexam,footexam,smoking,allcareprocesses,hba1c<6.5,hba1c<=7.5,hba1c<=10,chol<4,chol<5,bptarget,bp140/80,alltargets
5HG,"Ashton, Leigh And Wigan PCT",0.53%,5.24%,6.00%,91.73%,89.94%,94.74%,83.26%,92.20%,90.70%,88.15%,83.84%,88.48%,66.09%,39.95%,73.11%,94.66%,43.49%,79.74%,37.97%,46.51%,24.90%
5C2,Barking And Dagenham PCT,0.28%,4.29%,4.70%,89.59%,87.72%,94.60%,71.22%,91.03%,90.14%,82.26%,84.95%,84.11%,51.23%,25.02%,62.53%,89.48%,41.42%,79.13%,31.60%,40.90%,17.18%
5A9,Barnet PCT,0.35%,4.14%,4.56%,90.13%,88.20%,94.22%,73.87%,91.10%,90.31%,83.96%,83.60%,81.40%,55.49%,30.31%,67.21%,92.70%,42.03%,78.60%,37.82%,45.86%,22.80%
5JE,Barnsley PCT,0.41%,4.85%,5.33%,92.95%,90.32%,95.14%,76.95%,93.38%,92.16%,80.69%,84.21%,88.53%,57.50%,35.31%,70.38%,93.52%,42.68%,79.36%,38.23%,47.27%,23.44%
5ET,Bassetlaw PCT,0.38%,4.55%,4.95%,95.13%,92.12%,97.17%,80.64%,94.31%,91.08%,85.95%,86.99%,91.04%,63.53%,20.57%,63.64%,93.83%,43.39%,78.34%,33.26%,41.60%,17.80%
5FL,Bath And North East Somerset PCT,0.44%,3.18%,3.72%,93.74%,90.84%,95.62%,73.95%,94.75%,92.91%,86.04%,85.77%,88.24%,57.29%,28.84%,67.01%,94.78%,37.46%,76.99%,35.23%,43.80%,19.92%
5P2,Bedfordshire PCT,0.40%,3.97%,4.43%,92.30%,90.95%,95.56%,71.37%,92.98%,91.51%,83.03%,86.41%,77.65%,48.68%,21.78%,60.45%,91.63%,37.84%,75.39%,34.33%,40.98%,17.94%
5QG,Berkshire East PCT,0.37%,3.93%,4.37%,92.11%,90.82%,95.25%,82.14%,93.34%,91.77%,81.97%,86.11%,87.95%,64.21%,21.47%,61.65%,90.94%,39.75%,77.15%,35.12%,43.44%,18.56%
5QF,Berkshire West PCT,0.38%,2.91%,3.33%,91.94%,89.30%,94.41%,47.07%,92.04%,90.89%,80.12%,84.69%,84.97%,34.44%,17.63%,57.75%,90.95%,35.22%,76.28%,37.39%,44.56%,18.55%
TAK,Bexley Care Trust,0.37%,4.30%,4.78%,88.86%,88.21%,92.46%,75.75%,88.94%,87.42%,80.26%,79.46%,85.60%,59.72%,29.31%,68.77%,93.28%,34.12%,74.97%,32.98%,42.10%,18.64%
5PG,Birmingham East And North PCT,0.34%,4.43%,4.82%,92.56%,90.17%,94.69%,72.74%,92.52%,91.72%,77.45%,84.28%,82.12%,50.34%,21.33%,65.91%,93.05%,41.50%,78.73%,35.71%,44.10%,20.66%
TAP,Blackburn With Darwen Teaching Care Trust Plus,0.38%,4.84%,5.24%,92.41%,89.07%,93.51%,64.46%,92.37%,89.43%,83.37%,82.69%,90.40%,52.04%,21.64%,59.88%,90.33%,36.50%,73.26%,38.89%,45.67%,18.79%
5HP,Blackpool PCT,0.41%,4.67%,5.12%,90.61%,77.40%,92.80%,79.75%,91.36%,88.52%,83.43%,82.45%,91.39%,57.19%,34.06%,63.44%,90.67%,42.82%,76.17%,35.81%,47.12%,19.89%
5HQ,Bolton PCT,0.33%,5.18%,5.57%,93.29%,89.04%,94.95%,64.22%,93.75%,92.92%,79.74%,79.84%,84.43%,41.81%,27.54%,65.03%,92.09%,41.97%,77.71%,39.22%,49.45%,21.90%
5QN,Bournemouth And Poole Teaching PCT,0.46%,3.94%,4.54%,93.45%,90.41%,95.18%,80.30%,93.88%,92.11%,84.05%,84.16%,86.32%,62.88%,20.78%,59.17%,91.21%,32.76%,71.98%,32.20%,40.24%,15.43%
5NY,Bradford And Airedale Teaching PCT,0.32%,4.77%,5.17%,95.90%,93.31%,97.33%,83.15%,94.84%,93.30%,80.28%,79.67%,81.28%,51.21%,22.46%,61.11%,92.21%,39.34%,75.22%,38.39%,46.03%,19.75%
5K5,Brent Teaching PCT,0.29%,5.33%,5.71%,91.27%,89.52%,94.67%,80.98%,91.90%,91.10%,81.22%,84.69%,82.60%,58.31%,18.02%,59.26%,89.81%,40.04%,77.35%,35.10%,43.20%,17.99%
5LQ,Brighton And Hove City PCT,0.42%,2.75%,3.21%,90.16%,87.40%,92.62%,77.54%,68.75%,88.75%,77.98%,81.55%,81.59%,42.20%,20.41%,62.85%,92.56%,40.56%,77.01%,36.07%,42.45%,19.32%
5QJ,Bristol PCT,0.38%,3.29%,3.70%,90.30%,86.92%,92.73%,71.93%,90.84%,89.13%,79.86%,82.30%,82.38%,53.56%,25.21%,60.96%,90.35%,40.63%,78.03%,37.12%,47.32%,19.83%
5A7,Bromley PCT,0.44%,3.57%,4.04%,91.85%,89.32%,94.96%,76.08%,92.20%,91.50%,84.44%,83.31%,85.42%,58.75%,24.54%,65.15%,92.71%,38.30%,77.19%,31.74%,40.54%,17.16%
5QD,Buckinghamshire PCT,0.39%,3.44%,3.87%,93.07%,89.28%,94.62%,76.34%,93.10%,91.17%,85.01%,84.72%,83.26%,57.19%,20.01%,61.43%,92.28%,39.61%,77.44%,33.98%,43.23%,17.65%
5JX,Bury PCT,0.36%,3.83%,4.32%,93.47%,91.61%,95.47%,71.63%,94.27%,92.78%,81.85%,85.08%,88.19%,55.36%,22.44%,66.29%,93.95%,39.98%,77.49%,37.63%,47.42%,21.01%
5J6,Calderdale PCT,0.36%,3.95%,4.34%,94.16%,90.18%,95.64%,83.71%,93.91%,92.67%,81.40%,83.18%,89.17%,61.15%,30.02%,65.31%,92.36%,48.92%,81.55%,37.83%,45.92%,21.78%
5PP,Cambridgeshire PCT,0.47%,3.81%,4.38%,94.53%,91.03%,95.69%,79.34%,94.38%,92.21%,85.22%,87.76%,87.15%,62.02%,18.61%,59.14%,91.71%,37.66%,75.31%,35.97%,44.41%,18.06%
5K7,Camden PCT,0.27%,2.54%,2.84%,91.09%,90.15%,93.86%,77.93%,91.40%,90.60%,46.28%,83.20%,84.44%,34.62%,28.67%,64.30%,91.61%,38.92%,76.71%,41.32%,49.63%,21.78%
5NP,Central And Eastern Cheshire PCT,0.43%,4.12%,4.58%,92.86%,90.12%,95.76%,82.04%,93.82%,91.73%,82.76%,84.67%,85.06%,59.10%,31.88%,68.83%,94.05%,39.14%,75.69%,37.44%,47.27%,21.78%
5NG,Central Lancashire PCT,0.42%,4.22%,4.67%,92.94%,90.48%,95.24%,80.35%,92.25%,91.68%,85.88%,81.75%,87.04%,59.82%,28.55%,68.19%,92.89%,43.50%,79.01%,34.10%,43.47%,20.03%
5C3,City And Hackney Teaching PCT,0.25%,3.74%,4.02%,93.44%,92.23%,95.88%,75.87%,93.51%,93.03%,85.30%,88.53%,90.01%,62.66%,22.07%,61.58%,90.36%,42.31%,78.26%,40.99%,49.17%,22.41%
5QP,Cornwall And Isles Of Scilly PCT,0.41%,4.07%,4.68%,89.72%,87.47%,93.10%,75.33%,92.53%,90.85%,82.67%,81.00%,55.98%,37.12%,27.33%,62.84%,92.30%,34.04%,73.33%,34.74%,44.03%,17.32%
5ND,County Durham PCT,0.48%,4.75%,5.28%,95.14%,92.27%,96.81%,84.96%,94.96%,94.08%,86.42%,85.57%,89.37%,65.33%,33.66%,65.78%,92.82%,36.83%,75.91%,35.18%,44.04%,19.55%
5MD,Coventry Teaching PCT,0.38%,3.82%,4.26%,92.56%,90.43%,95.46%,67.99%,92.82%,91.71%,79.27%,84.47%,87.97%,48.13%,24.02%,65.76%,91.57%,41.83%,79.73%,37.18%,45.38%,21.65%
5K9,Croydon PCT,0.32%,4.39%,4.75%,91.58%,89.31%,94.05%,72.00%,91.75%,89.82%,80.07%,82.92%,79.61%,50.02%,25.64%,65.34%,91.29%,35.12%,74.33%,33.73%,41.80%,18.39%
5NE,Cumbria Teaching PCT,0.51%,4.05%,4.61%,93.72%,89.47%,95.22%,80.18%,94.73%,92.63%,79.57%,83.61%,86.71%,58.10%,19.82%,61.14%,92.70%,38.25%,75.66%,34.29%,44.74%,17.58%
5J9,Darlington PCT,0.41%,4.52%,4.96%,95.06%,93.32%,96.47%,84.99%,95.59%,94.48%,86.49%,85.28%,92.39%,70.73%,34.72%,67.07%,92.90%,42.09%,79.61%,41.30%,49.99%,24.22%
5N7,Derby City PCT,0.38%,4.82%,5.42%,93.12%,90.23%,95.47%,79.80%,93.33%,90.53%,82.87%,83.66%,85.97%,58.77%,25.13%,65.22%,92.22%,45.26%,78.55%,36.49%,43.96%,20.77%
5N6,Derbyshire County PCT,0.43%,4.40%,4.93%,94.91%,90.54%,96.44%,81.88%,94.71%,88.56%,83.77%,85.16%,85.89%,56.65%,25.14%,62.82%,92.98%,42.70%,76.81%,36.83%,45.95%,19.81%
5QQ,Devon PCT,0.42%,3.93%,4.41%,93.62%,89.80%,95.22%,81.55%,94.47%,92.64%,82.58%,85.01%,80.19%,57.97%,25.52%,62.92%,92.96%,35.85%,73.85%,37.22%,46.17%,18.82%
5N5,Doncaster PCT,0.38%,4.85%,5.31%,94.21%,92.55%,95.38%,81.81%,94.16%,92.96%,88.26%,87.97%,92.31%,69.94%,24.16%,65.62%,93.15%,43.69%,79.23%,39.76%,51.02%,22.41%
5QM,Dorset PCT,0.44%,4.21%,5.07%,94.61%,89.92%,95.62%,80.07%,94.77%,93.46%,86.04%,86.62%,86.48%,63.01%,23.79%,63.85%,93.37%,35.10%,74.86%,33.85%,43.37%,17.71%
5PE,Dudley PCT,0.40%,4.23%,4.67%,93.33%,91.76%,95.97%,62.27%,93.81%,92.15%,76.48%,86.22%,88.04%,46.69%,25.16%,64.87%,92.98%,40.13%,78.23%,36.15%,43.83%,20.61%
5HX,Ealing PCT,0.37%,4.39%,4.84%,90.97%,85.89%,93.90%,75.06%,91.25%,90.82%,84.12%,84.20%,82.92%,55.12%,20.64%,57.91%,89.63%,42.04%,77.55%,36.98%,45.38%,18.73%
5NH,East Lancashire Teaching PCT,0.39%,4.18%,4.59%,94.08%,91.27%,94.33%,74.06%,93.78%,92.03%,87.16%,83.34%,86.53%,57.30%,20.84%,61.27%,91.35%,39.45%,76.17%,40.28%,48.49%,20.91%
5NW,East Riding Of Yorkshire PCT,0.46%,4.43%,5.12%,95.30%,91.93%,96.81%,84.09%,95.85%,93.85%,87.02%,87.00%,91.13%,68.53%,28.29%,66.91%,93.96%,38.64%,76.10%,36.75%,44.37%,20.32%
5P7,East Sussex Downs And Weald PCT,0.38%,3.99%,4.40%,91.77%,87.04%,94.10%,65.36%,90.07%,91.11%,79.34%,83.67%,84.97%,45.62%,28.03%,67.92%,93.52%,38.88%,77.30%,36.60%,44.72%,21.21%
5QA,Eastern And Coastal Kent PCT,0.46%,4.33%,4.83%,92.77%,89.54%,94.82%,80.42%,93.38%,92.22%,83.05%,84.81%,85.27%,60.00%,31.68%,68.16%,93.24%,37.15%,76.95%,35.25%,43.54%,20.46%
5C1,Enfield PCT,0.30%,4.62%,5.01%,90.81%,89.57%,94.97%,79.76%,92.05%,91.13%,76.82%,83.56%,85.48%,55.52%,30.83%,65.86%,90.99%,40.42%,79.69%,34.31%,41.45%,20.62%
5KF,Gateshead PCT,0.42%,4.42%,4.87%,95.97%,92.54%,96.65%,85.60%,95.70%,94.82%,87.30%,84.41%,93.85%,69.37%,33.55%,68.80%,92.58%,41.08%,77.73%,38.98%,48.94%,23.25%
5QH,Gloucestershire PCT,0.42%,4.19%,4.66%,93.74%,90.63%,95.55%,81.76%,94.76%,92.83%,79.48%,84.05%,86.15%,58.68%,30.99%,66.01%,92.65%,40.44%,75.81%,35.70%,43.51%,19.51%
5PR,Great Yarmouth And Waveney PCT,0.46%,4.65%,5.14%,93.59%,88.29%,94.58%,73.10%,93.12%,91.11%,88.11%,84.90%,87.85%,59.87%,17.88%,57.56%,90.97%,35.68%,73.81%,32.96%,43.99%,15.53%
5A8,Greenwich Teaching PCT,0.31%,3.68%,4.08%,92.43%,92.86%,95.51%,79.78%,91.91%,91.48%,80.89%,85.26%,86.09%,59.24%,23.99%,59.99%,88.95%,34.80%,73.33%,36.65%,43.91%,18.36%
5NM,Halton And St Helens PCT,0.45%,4.99%,5.47%,94.21%,91.44%,96.02%,84.48%,93.52%,92.39%,86.46%,85.56%,87.14%,62.13%,38.80%,70.63%,93.19%,46.73%,81.77%,38.04%,47.79%,24.42%
5H1,Hammersmith And Fulham PCT,0.35%,2.90%,3.37%,88.66%,88.26%,93.78%,64.59%,88.96%,88.57%,67.94%,78.71%,83.09%,41.59%,32.36%,65.21%,90.94%,40.48%,77.79%,38.17%,45.49%,21.84%
5QC,Hampshire PCT,0.42%,3.77%,4.23%,92.01%,88.98%,94.76%,72.59%,91.95%,90.98%,82.71%,84.41%,84.30%,53.52%,24.03%,60.67%,91.91%,40.07%,77.71%,33.72%,42.01%,17.15%
5C9,Haringey Teaching PCT,0.28%,4.03%,4.37%,89.05%,88.69%,94.24%,72.48%,89.98%,89.42%,76.60%,82.86%,81.28%,49.48%,28.57%,62.69%,89.31%,39.97%,76.33%,36.34%,43.20%,19.89%
5K6,Harrow PCT,0.28%,5.68%,6.03%,92.45%,89.03%,94.87%,81.57%,93.10%,92.05%,85.50%,84.26%,80.43%,58.65%,18.25%,62.83%,92.73%,38.16%,77.53%,36.97%,44.65%,20.50%
5D9,Hartlepool PCT,0.53%,3.77%,4.32%,93.59%,90.66%,95.84%,79.60%,94.34%,93.06%,81.95%,84.62%,80.94%,56.12%,27.52%,61.66%,91.56%,38.44%,75.34%,40.03%,48.47%,21.18%
5P8,Hastings And Rother PCT,0.51%,4.77%,5.30%,94.58%,92.20%,96.56%,82.08%,95.29%,94.27%,83.90%,89.17%,88.78%,65.48%,27.25%,67.25%,93.19%,41.82%,79.20%,35.84%,45.09%,20.68%
5A4,Havering PCT,0.43%,3.87%,4.49%,90.75%,89.38%,94.99%,64.48%,91.90%,90.81%,80.54%,82.78%,79.63%,44.02%,23.76%,63.83%,91.89%,42.23%,81.35%,28.18%,38.72%,16.14%
5MX,Heart Of Birmingham Teaching PCT,0.32%,6.47%,6.91%,93.22%,92.67%,95.49%,79.91%,93.75%,93.18%,72.90%,87.68%,86.68%,53.61%,23.01%,62.36%,89.74%,40.36%,75.28%,38.51%,46.30%,20.90%
5CN,Herefordshire PCT,0.42%,4.43%,4.88%,95.27%,90.74%,96.42%,84.47%,95.48%,93.70%,84.93%,86.44%,90.54%,66.00%,27.06%,68.07%,93.46%,39.17%,75.21%,30.64%,38.83%,17.61%
5QV,Hertfordshire PCT,0.42%,3.37%,3.84%,92.27%,89.80%,95.09%,71.61%,92.66%,90.96%,84.45%,84.69%,84.23%,53.06%,28.37%,65.50%,93.06%,38.78%,77.66%,35.59%,42.95%,19.85%
5NQ,"Heywood, Middleton And Rochdale PCT",0.39%,4.44%,4.86%,92.43%,90.05%,94.43%,70.97%,93.12%,91.77%,79.63%,84.87%,90.17%,54.35%,20.79%,62.13%,91.92%,41.56%,77.99%,35.46%,44.21%,19.31%
5AT,Hillingdon PCT,0.38%,4.25%,4.68%,90.24%,89.38%,94.06%,77.81%,90.12%,89.61%,86.14%,83.36%,81.16%,55.67%,23.50%,58.65%,91.94%,46.43%,80.56%,36.57%,42.32%,19.59%
5HY,Hounslow PCT,0.38%,4.44%,4.89%,64.54%,87.73%,93.24%,69.39%,90.25%,89.72%,75.44%,81.14%,76.93%,30.97%,19.78%,58.74%,90.56%,39.89%,77.49%,35.93%,42.86%,18.09%
5NX,Hull Teaching PCT,0.48%,4.06%,4.86%,94.68%,91.49%,96.67%,83.24%,95.51%,93.68%,80.39%,85.90%,87.90%,60.17%,34.20%,67.06%,92.13%,36.21%,74.32%,32.94%,40.05%,17.81%
5QT,Isle Of Wight NHS PCT,0.48%,4.26%,4.78%,92.45%,89.55%,95.20%,75.24%,93.43%,89.79%,73.45%,82.95%,84.14%,47.26%,19.65%,61.92%,91.96%,41.41%,77.08%,36.64%,44.50%,18.56%
5K8,Islington PCT,0.33%,3.53%,3.89%,90.31%,89.47%,93.94%,79.12%,91.03%,90.50%,45.46%,83.75%,84.80%,34.41%,30.17%,65.29%,91.10%,38.66%,75.25%,42.30%,50.48%,22.86%
5LA,Kensington And Chelsea PCT,0.31%,2.78%,3.17%,89.67%,91.20%,94.05%,67.88%,89.46%,88.59%,77.33%,83.32%,76.01%,42.74%,27.72%,63.40%,91.21%,40.32%,78.45%,38.97%,47.65%,20.89%
5A5,Kingston PCT,0.30%,3.40%,3.76%,91.14%,86.49%,93.37%,63.70%,91.05%,90.59%,80.23%,84.21%,80.63%,45.25%,28.94%,67.64%,93.94%,33.73%,73.67%,33.46%,42.32%,18.17%
5N2,Kirklees PCT,0.37%,4.05%,4.47%,93.56%,90.29%,95.44%,78.26%,93.26%,91.55%,85.09%,80.81%,82.94%,55.21%,21.10%,60.01%,91.60%,40.76%,77.50%,33.44%,40.93%,17.10%
5J4,Knowsley PCT,0.43%,4.60%,5.13%,92.58%,92.50%,96.42%,78.54%,92.75%,91.64%,81.23%,81.91%,89.00%,55.07%,37.20%,70.90%,92.40%,47.54%,80.30%,37.19%,46.81%,23.38%
5LD,Lambeth PCT,0.32%,2.94%,3.28%,91.82%,87.62%,94.04%,76.23%,90.76%,89.67%,83.68%,82.87%,76.96%,51.44%,24.68%,59.44%,89.67%,36.75%,74.59%,39.13%,45.58%,19.54%
5N1,Leeds PCT,0.38%,3.56%,4.01%,93.96%,90.57%,96.00%,74.00%,93.81%,92.26%,84.81%,85.76%,84.61%,55.29%,18.96%,58.96%,90.97%,42.18%,78.65%,38.50%,47.48%,19.45%
5PC,Leicester City PCT,0.43%,5.12%,5.69%,92.71%,89.58%,94.79%,78.44%,92.91%,92.01%,78.74%,83.19%,81.13%,53.15%,18.50%,59.74%,91.29%,43.86%,80.73%,38.53%,44.89%,20.68%
5PA,Leicestershire County And Rutland PCT,0.46%,4.00%,4.51%,93.83%,90.70%,95.55%,82.11%,94.09%,92.98%,83.60%,85.50%,86.79%,61.16%,21.50%,64.49%,93.82%,43.00%,81.03%,36.77%,45.18%,20.99%
5LF,Lewisham PCT,0.32%,3.89%,4.24%,89.65%,86.99%,93.31%,79.19%,89.63%,88.12%,80.87%,81.47%,83.24%,57.27%,20.41%,59.73%,90.00%,39.26%,76.08%,35.12%,42.94%,17.32%
5N9,Lincolnshire Teaching PCT,0.42%,4.76%,5.23%,93.13%,90.12%,95.45%,78.49%,94.02%,92.26%,75.83%,83.23%,83.07%,49.80%,22.87%,64.78%,93.26%,40.62%,77.03%,38.18%,46.88%,21.03%
5NL,Liverpool PCT,0.39%,3.87%,4.27%,92.97%,91.36%,95.89%,73.94%,90.10%,88.91%,84.27%,86.03%,90.04%,56.84%,30.04%,66.99%,92.03%,44.81%,78.94%,38.28%,47.95%,22.97%
5GC,Luton PCT,0.36%,4.75%,5.18%,91.60%,87.24%,94.90%,69.88%,91.65%,89.77%,79.36%,81.81%,82.99%,48.38%,27.90%,64.54%,91.96%,42.11%,76.48%,37.51%,43.82%,21.06%
5NT,Manchester PCT,0.37%,4.29%,4.73%,92.16%,87.22%,94.39%,72.41%,92.87%,91.16%,80.77%,80.84%,82.17%,50.55%,22.20%,61.00%,90.62%,45.07%,79.31%,38.05%,46.52%,21.27%
5L3,Medway PCT,0.43%,4.49%,5.00%,89.89%,88.44%,93.79%,45.63%,90.50%,89.68%,83.56%,84.05%,85.76%,35.50%,24.06%,63.84%,91.17%,47.68%,82.46%,36.73%,42.66%,21.12%
5PX,Mid Essex PCT,0.47%,3.81%,5.11%,66.87%,88.86%,95.10%,38.79%,47.45%,90.58%,82.50%,81.59%,84.81%,15.93%,24.40%,60.82%,93.20%,34.93%,75.05%,33.14%,38.55%,16.10%
5KM,Middlesbrough PCT,0.41%,3.90%,4.40%,94.50%,91.16%,95.46%,63.97%,95.04%,93.54%,87.14%,87.82%,92.69%,54.42%,25.42%,59.74%,90.29%,42.74%,78.53%,36.63%,44.01%,19.26%
5CQ,Milton Keynes PCT,0.40%,3.24%,4.38%,91.54%,89.54%,93.92%,76.04%,91.61%,90.77%,80.53%,83.75%,85.16%,58.57%,23.97%,59.58%,90.69%,38.57%,74.87%,32.56%,39.91%,16.04%
5D7,Newcastle PCT,0.44%,3.50%,3.97%,94.24%,91.84%,95.79%,73.45%,94.03%,93.06%,86.16%,86.74%,89.45%,57.36%,20.94%,61.34%,91.78%,44.83%,78.91%,44.58%,53.65%,23.87%
5C5,Newham PCT,0.20%,5.00%,5.25%,92.18%,93.21%,95.60%,82.48%,92.36%,91.52%,75.61%,88.91%,92.08%,62.80%,20.04%,59.95%,89.22%,49.13%,80.59%,41.71%,48.47%,23.04%
5PQ,Norfolk PCT,0.51%,4.14%,4.71%,93.79%,90.01%,95.80%,76.85%,93.79%,92.12%,83.06%,86.15%,88.54%,59.55%,22.15%,59.39%,93.03%,42.56%,78.05%,37.22%,44.73%,18.91%
5PW,North East Essex PCT,0.50%,4.76%,5.33%,91.33%,90.78%,95.26%,75.45%,94.00%,92.69%,81.47%,84.59%,83.06%,54.06%,19.16%,60.69%,91.41%,35.94%,74.63%,33.61%,44.60%,15.94%
TAN,North East Lincolnshire Care Trust Plus,0.38%,4.59%,5.03%,94.44%,91.91%,96.62%,80.34%,94.88%,93.77%,82.41%,87.11%,82.28%,55.56%,25.19%,65.20%,92.24%,40.33%,78.37%,35.89%,42.81%,20.20%
5NF,North Lancashire Teaching PCT,0.39%,4.41%,4.83%,92.86%,89.84%,94.77%,81.34%,92.87%,90.71%,80.38%,85.69%,89.07%,61.98%,31.76%,69.29%,93.80%,43.40%,77.65%,34.73%,46.91%,20.53%
5EF,North Lincolnshire PCT,0.45%,4.73%,5.26%,94.22%,90.67%,95.92%,81.53%,94.36%,92.88%,80.47%,85.26%,88.35%,59.25%,23.09%,64.22%,92.96%,43.29%,79.55%,33.30%,42.03%,18.71%
5M8,North Somerset PCT,0.41%,3.86%,4.31%,92.42%,89.69%,95.27%,78.52%,93.07%,91.57%,84.92%,84.91%,86.14%,61.38%,29.30%,64.73%,92.94%,35.34%,73.99%,36.03%,45.11%,19.32%
5PH,North Staffordshire PCT,0.41%,4.81%,5.26%,94.10%,90.58%,95.95%,72.49%,94.28%,92.53%,84.16%,84.73%,87.53%,55.14%,29.65%,63.59%,92.33%,43.47%,78.94%,35.75%,44.52%,19.85%
5D8,North Tyneside PCT,0.49%,4.35%,5.04%,95.44%,91.75%,95.72%,78.63%,95.07%,94.23%,77.21%,85.38%,86.12%,53.86%,22.40%,63.85%,92.71%,40.89%,75.72%,35.82%,47.03%,19.70%
5NV,North Yorkshire And York PCT,0.42%,3.56%,4.02%,95.81%,92.04%,96.48%,80.63%,95.70%,93.97%,87.71%,87.48%,89.30%,65.05%,21.65%,62.26%,92.98%,38.31%,76.42%,35.61%,43.40%,18.85%
5PD,Northamptonshire Teaching PCT,0.45%,3.93%,4.43%,93.03%,89.08%,95.37%,75.68%,92.73%,91.76%,82.69%,82.79%,87.68%,55.99%,20.18%,58.30%,90.51%,37.73%,76.46%,37.37%,45.18%,18.51%
TAC,Northumberland Care Trust,0.47%,4.73%,5.35%,96.17%,92.90%,96.70%,83.26%,95.53%,94.74%,85.29%,86.44%,90.78%,65.07%,20.22%,62.74%,92.41%,44.20%,77.52%,38.26%,49.70%,20.31%
5EM,Nottingham City PCT,0.41%,3.50%,3.99%,91.36%,87.57%,92.49%,78.69%,89.96%,87.98%,79.06%,82.19%,86.05%,58.80%,25.19%,59.36%,89.11%,42.85%,77.77%,37.05%,45.34%,18.03%
5N8,Nottinghamshire County Teaching PCT,0.47%,3.95%,4.50%,94.56%,90.51%,96.16%,80.76%,94.22%,92.02%,85.11%,85.75%,85.72%,60.94%,22.37%,61.26%,92.28%,43.31%,78.59%,38.24%,46.84%,20.18%
5J5,Oldham PCT,0.34%,4.44%,4.81%,93.27%,89.57%,95.07%,75.23%,93.28%,92.26%,83.20%,80.90%,84.80%,52.76%,19.41%,63.60%,92.44%,46.61%,80.82%,38.56%,47.21%,21.56%
5QE,Oxfordshire PCT,0.38%,3.21%,3.69%,84.94%,80.63%,86.16%,72.53%,85.55%,84.44%,75.15%,76.69%,80.48%,52.97%,28.17%,61.99%,92.27%,45.85%,80.55%,36.25%,44.44%,19.69%
5PN,Peterborough PCT,0.44%,4.23%,4.74%,91.84%,89.68%,94.77%,63.26%,92.49%,90.63%,80.92%,85.55%,89.42%,50.06%,16.61%,53.83%,87.88%,40.27%,76.27%,32.40%,39.20%,15.08%
5F1,Plymouth Teaching PCT,0.44%,3.60%,4.26%,90.92%,90.45%,95.01%,79.94%,92.88%,91.54%,77.82%,81.88%,64.16%,43.48%,27.68%,63.25%,91.77%,41.99%,78.95%,36.13%,45.25%,19.92%
5FE,Portsmouth City Teaching PCT,0.41%,3.57%,4.03%,91.77%,89.11%,94.37%,65.61%,93.09%,91.41%,82.19%,81.48%,84.29%,46.81%,19.89%,59.44%,91.10%,45.21%,80.43%,35.81%,42.81%,18.50%
5NA,Redbridge PCT,0.28%,5.05%,5.41%,90.06%,89.73%,94.16%,64.20%,90.66%,89.94%,80.58%,84.76%,79.01%,44.35%,22.76%,63.47%,91.73%,40.98%,78.60%,33.86%,42.59%,18.70%
5QR,Redcar And Cleveland PCT,0.45%,4.49%,5.00%,95.52%,93.04%,97.50%,71.43%,96.92%,96.03%,91.10%,90.18%,88.73%,58.25%,27.54%,65.44%,93.00%,42.75%,79.26%,38.28%,47.60%,21.66%
5M6,Richmond And Twickenham PCT,0.27%,2.28%,2.61%,91.70%,87.36%,94.38%,69.32%,92.48%,92.18%,80.79%,83.27%,75.68%,45.20%,30.15%,67.20%,93.99%,38.02%,77.38%,40.37%,48.34%,20.66%
5H8,Rotherham PCT,0.40%,4.30%,4.73%,94.03%,90.62%,95.97%,76.28%,93.63%,92.75%,79.39%,85.87%,87.95%,55.76%,28.36%,64.16%,91.67%,46.62%,81.80%,38.95%,46.74%,22.72%
5F5,Salford PCT,0.39%,4.12%,4.58%,94.64%,91.60%,96.45%,83.14%,95.07%,93.23%,76.95%,81.73%,90.17%,56.56%,35.74%,69.15%,92.85%,43.34%,79.31%,40.63%,50.46%,24.81%
5PF,Sandwell PCT,0.35%,5.12%,5.81%,91.57%,90.01%,94.84%,81.01%,92.22%,91.52%,75.28%,85.47%,82.97%,54.40%,28.47%,67.23%,91.76%,40.09%,77.83%,39.21%,48.26%,23.08%
5NJ,Sefton PCT,0.40%,4.25%,4.69%,90.69%,85.60%,93.07%,77.22%,90.36%,89.69%,83.70%,80.30%,81.78%,57.28%,30.66%,69.07%,93.17%,42.12%,77.90%,35.89%,45.76%,21.22%
5N4,Sheffield PCT,0.40%,4.23%,4.69%,94.84%,90.81%,96.42%,80.50%,94.86%,93.27%,79.29%,87.89%,86.39%,58.29%,20.70%,61.80%,91.53%,45.08%,79.92%,39.16%,47.58%,21.16%
5M2,Shropshire County PCT,0.40%,3.94%,4.36%,93.33%,88.43%,95.27%,83.58%,94.15%,93.08%,84.93%,80.02%,70.96%,47.65%,29.91%,66.49%,94.13%,38.34%,78.38%,34.15%,42.66%,20.78%
5QW,Solihull PCT,0.41%,4.14%,4.59%,94.35%,91.66%,96.03%,74.16%,94.32%,93.78%,81.38%,87.58%,86.12%,54.57%,22.19%,67.00%,94.17%,41.11%,78.16%,34.00%,41.63%,19.43%
5QL,Somerset PCT,0.42%,4.20%,4.78%,93.66%,89.28%,95.34%,69.60%,94.77%,93.38%,83.31%,84.50%,83.55%,51.06%,19.44%,59.38%,90.69%,41.96%,78.59%,34.26%,45.39%,17.23%
5M1,South Birmingham PCT,0.39%,3.91%,4.35%,93.89%,91.47%,95.34%,76.16%,94.18%,93.35%,80.24%,86.63%,88.46%,57.14%,21.76%,62.04%,91.02%,41.43%,76.61%,35.36%,45.02%,19.54%
5P1,South East Essex PCT,0.44%,4.05%,4.63%,90.71%,87.90%,93.88%,72.22%,90.87%,90.32%,82.42%,82.84%,77.20%,48.47%,25.96%,65.48%,92.90%,38.81%,76.70%,34.59%,41.38%,19.37%
5A3,South Gloucestershire PCT,0.44%,3.44%,3.92%,93.66%,90.94%,95.06%,80.42%,93.62%,92.04%,83.94%,86.70%,87.57%,62.67%,26.37%,62.17%,91.87%,40.54%,77.48%,36.74%,45.54%,19.89%
5PK,South Staffordshire PCT,0.42%,4.03%,4.47%,92.56%,91.35%,94.06%,76.04%,92.88%,91.72%,82.26%,84.03%,87.73%,60.36%,18.60%,60.12%,92.10%,41.33%,77.64%,34.71%,42.21%,17.93%
5KG,South Tyneside PCT,0.48%,5.11%,5.65%,93.35%,89.32%,95.55%,77.27%,92.06%,91.23%,87.68%,87.61%,88.44%,62.07%,34.00%,67.11%,92.73%,41.63%,76.68%,37.24%,45.74%,22.07%
5PY,South West Essex PCT,0.42%,3.95%,4.69%,91.49%,90.08%,95.34%,68.92%,92.06%,91.76%,87.20%,85.15%,78.54%,47.80%,30.72%,68.22%,93.49%,41.80%,78.29%,36.41%,43.62%,21.82%
5L1,Southampton City PCT,0.42%,3.48%,3.96%,92.49%,89.88%,94.81%,71.45%,65.89%,91.17%,82.89%,84.55%,87.30%,41.89%,23.52%,55.45%,89.78%,41.09%,77.47%,37.43%,44.16%,17.89%
5LE,Southwark PCT,0.31%,3.21%,3.56%,91.70%,87.03%,94.21%,76.68%,89.37%,88.99%,79.23%,82.35%,76.38%,50.51%,24.06%,61.95%,90.50%,38.50%,75.62%,37.60%,44.22%,19.82%
5F7,Stockport PCT,0.48%,3.96%,4.48%,94.50%,90.98%,95.82%,82.62%,93.42%,93.25%,84.13%,82.05%,85.11%,58.00%,31.29%,67.40%,94.05%,46.66%,79.85%,40.26%,48.87%,23.59%
5E1,Stockton-On-Tees Teaching PCT,0.45%,3.61%,4.16%,93.48%,91.11%,94.84%,80.73%,94.24%,92.45%,85.75%,87.06%,88.63%,64.62%,25.43%,60.32%,91.54%,45.07%,78.44%,37.86%,45.21%,19.77%
5PJ,Stoke On Trent PCT,0.39%,5.10%,5.53%,93.36%,90.90%,96.02%,48.50%,92.90%,90.75%,78.85%,84.11%,89.31%,34.94%,30.22%,63.66%,91.85%,44.60%,80.88%,38.24%,46.77%,21.46%
5PT,Suffolk PCT,0.46%,3.74%,4.27%,93.82%,90.78%,95.42%,75.29%,93.43%,91.35%,84.76%,85.83%,88.35%,59.81%,18.77%,59.00%,92.53%,40.76%,77.28%,35.03%,43.47%,17.75%
5KL,Sunderland Teaching PCT,0.46%,4.41%,4.91%,94.97%,92.94%,96.21%,85.04%,95.48%,94.38%,87.54%,88.66%,92.50%,71.21%,32.12%,67.93%,92.76%,45.92%,80.35%,38.58%,50.29%,23.22%
5P5,Surrey PCT,0.39%,3.47%,3.93%,91.79%,87.90%,94.25%,75.30%,92.34%,90.73%,83.26%,83.07%,81.01%,54.12%,29.97%,67.36%,93.65%,39.02%,77.54%,35.60%,43.13%,20.42%
5M7,Sutton And Merton PCT,0.38%,3.97%,4.39%,90.44%,86.99%,93.58%,71.21%,90.10%,89.50%,86.29%,83.76%,77.91%,51.20%,21.91%,63.39%,92.15%,39.41%,79.52%,36.45%,44.47%,20.28%
5K3,Swindon PCT,0.43%,3.88%,4.35%,91.97%,89.54%,94.66%,29.25%,93.21%,91.12%,80.20%,82.68%,85.69%,21.53%,17.36%,53.46%,87.53%,44.18%,78.16%,35.98%,42.62%,17.30%
5LH,Tameside And Glossop PCT,0.41%,4.45%,4.90%,94.34%,90.55%,95.12%,82.12%,94.20%,93.21%,84.18%,83.70%,86.46%,61.43%,24.39%,68.06%,92.89%,46.77%,81.25%,38.75%,47.86%,23.47%
5MK,Telford And Wrekin PCT,0.41%,4.16%,4.62%,90.71%,87.01%,93.48%,73.58%,91.07%,89.05%,85.32%,79.85%,81.21%,52.88%,28.50%,65.24%,91.81%,41.33%,77.87%,32.92%,43.82%,18.86%
TAL,Torbay Care Trust,0.50%,4.69%,5.38%,89.11%,87.37%,93.61%,70.07%,91.91%,89.72%,78.38%,81.22%,63.17%,40.39%,32.85%,62.35%,92.04%,41.94%,79.20%,33.52%,41.35%,17.58%
5C4,Tower Hamlets PCT,0.28%,4.77%,5.08%,93.93%,93.11%,95.98%,76.84%,89.62%,88.82%,77.45%,89.92%,92.08%,59.14%,19.61%,56.52%,88.94%,51.81%,82.62%,50.11%,58.40%,25.85%
5NR,Trafford PCT,0.39%,4.06%,4.51%,93.19%,91.80%,96.12%,70.91%,92.61%,91.93%,84.45%,84.71%,86.17%,54.78%,25.41%,67.12%,93.96%,43.88%,79.51%,40.94%,49.61%,24.90%
5N3,Wakefield District PCT,0.43%,4.34%,4.83%,95.16%,92.14%,97.18%,80.15%,94.06%,92.44%,88.46%,86.49%,88.01%,61.60%,22.83%,62.51%,92.27%,42.08%,79.42%,36.82%,44.51%,20.08%
5M3,Walsall Teaching PCT,0.44%,5.78%,6.27%,93.28%,89.00%,95.76%,82.74%,93.64%,92.66%,75.48%,86.56%,86.27%,55.10%,29.51%,63.38%,92.09%,44.01%,79.66%,34.80%,42.90%,19.35%
5NC,Waltham Forest PCT,0.30%,4.27%,4.72%,89.18%,89.73%,94.01%,77.20%,91.05%,90.00%,80.07%,85.19%,76.62%,50.36%,24.32%,60.69%,89.49%,37.45%,75.69%,32.36%,41.66%,16.86%
5LG,Wandsworth PCT,0.30%,3.19%,3.52%,92.06%,89.67%,94.71%,77.51%,91.88%,90.85%,84.95%,86.22%,82.17%,58.35%,22.31%,61.14%,91.45%,40.55%,78.48%,37.91%,45.54%,20.28%
5J2,Warrington PCT,0.42%,4.13%,4.60%,92.16%,88.37%,95.12%,78.31%,92.69%,90.59%,85.69%,84.75%,78.98%,54.74%,39.03%,71.84%,94.50%,44.65%,80.60%,36.36%,45.36%,22.99%
5PM,Warwickshire PCT,0.41%,3.83%,4.30%,93.19%,89.04%,95.70%,55.42%,93.70%,92.70%,82.63%,84.67%,86.75%,40.39%,21.35%,62.17%,92.17%,37.88%,76.57%,34.92%,43.44%,18.31%
5PV,West Essex PCT,0.37%,4.00%,4.51%,90.52%,89.11%,95.42%,67.87%,92.81%,91.07%,80.29%,83.34%,84.09%,49.60%,25.96%,64.54%,91.90%,37.93%,77.31%,36.43%,44.70%,20.25%
5P9,West Kent PCT,0.43%,3.63%,4.13%,91.50%,88.36%,94.67%,58.71%,91.07%,89.19%,79.96%,82.70%,83.52%,42.16%,28.29%,64.94%,92.96%,38.33%,76.50%,32.38%,41.20%,17.57%
5P6,West Sussex PCT,0.43%,3.96%,4.46%,92.03%,88.12%,94.11%,72.15%,89.85%,89.99%,82.14%,82.75%,81.13%,50.09%,20.70%,63.69%,92.83%,39.36%,77.04%,35.79%,42.76%,19.57%
5NN,Western Cheshire PCT,0.42%,3.94%,4.40%,94.42%,91.63%,96.12%,77.33%,94.41%,93.03%,81.19%,86.56%,88.30%,58.90%,26.84%,69.03%,93.99%,46.15%,80.29%,41.42%,49.37%,24.91%
5LC,Westminster PCT,0.31%,3.20%,3.59%,90.69%,87.99%,94.20%,72.25%,90.98%,90.56%,76.01%,82.40%,84.05%,50.45%,26.68%,64.54%,91.79%,42.25%,78.83%,37.76%,46.60%,21.21%
5QK,Wiltshire PCT,0.42%,3.75%,4.25%,92.77%,89.26%,95.12%,71.58%,94.39%,92.61%,82.23%,84.66%,83.62%,50.12%,22.96%,61.54%,92.95%,39.68%,78.35%,36.11%,43.58%,19.10%
5NK,Wirral PCT,0.45%,4.39%,4.86%,93.55%,91.61%,95.39%,76.30%,92.47%,92.25%,81.03%,84.09%,88.41%,55.74%,28.89%,71.62%,94.46%,41.22%,78.12%,37.10%,48.73%,21.80%
5MV,Wolverhampton City PCT,0.50%,5.43%,5.95%,94.49%,92.61%,95.90%,87.73%,95.27%,94.39%,83.86%,88.74%,84.04%,63.38%,19.62%,55.83%,90.36%,36.09%,73.55%,33.34%,41.81%,15.00%
5PL,Worcestershire PCT,0.45%,4.14%,4.72%,93.61%,90.00%,95.43%,52.69%,94.07%,92.31%,81.56%,84.94%,88.11%,40.21%,25.28%,66.02%,93.48%,39.66%,76.58%,36.11%,44.26%,20.31%
